bharadhwaj,bhanu,2026-04-01 15:14:38,TicTacToe
bhanu,bharadhwaj,2026-04-01 15:23:17,Connect_Four
bhanu,bharadhwaj,2026-04-01 17:37:34,TicTacToe
bharadhwaj,bhanu,2026-04-01 17:38:36,TicTacToe
bhanu,bharadhwaj,2026-04-01 17:38:52,TicTacToe
bhanu,bharadhwaj,2026-04-01 17:39:43,TicTacToe
bharadhwaj,bhanu,2026-04-01 17:40:06,Connect_Four
bharadhwaj,bhanu,2026-04-01 17:41:37,Connect_Four
bharadhwaj,bhanu,2026-04-01 17:41:49,TicTacToe
bhanu,bharadhwaj,2026-04-01 23:23:39,Connect_Four
bhanu,bharadhwaj,2026-04-01 23:23:49,TicTacToe
bhanu,bharadhwaj,2026-04-01 23:24:00,TicTacToe
bharadhwaj,bhanu,2026-04-03 23:54:11,TicTacToe
bharadhwaj,bhanu,2026-04-03 23:54:35,Connect_Four
bhanu,bharadhwaj,2026-04-06 15:59:20,Connect_Four
bharadhwaj,bhanu,2026-04-06 15:59:44,TicTacToe
bharadhwaj,bhanu,2026-04-06 22:29:16,Connect_Four
bharadhwaj,bhanu,2026-04-06 22:33:44,Connect_Four
bhanu,bharadhwaj,2026-04-06 22:37:07,Connect_Four
bharadhwaj,bhanu,2026-04-06 22:37:36,Connect_Four
bhanu,bharadhwaj,2026-04-06 22:40:07,Connect_Four
bharadhwaj,bhanu,2026-04-06 22:41:21,Connect_Four
bharadhwaj,bhanu,2026-04-06 22:42:40,Connect_Four
bhanu,bharadhwaj,2026-04-06 22:43:29,Connect_Four
bharadhwaj,bhanu,2026-04-06 22:46:37,Connect_Four
bharadhwaj,bhanu,2026-04-06 22:50:36,Connect_Four
bharadhwaj,bhanu,2026-04-06 22:51:36,Connect_Four
bharadhwaj,bhanu,2026-04-06 22:51:52,Connect_Four
bhanu,bharadhwaj,2026-04-06 22:53:09,Connect_Four
bhanu,bharadhwaj,2026-04-06 22:54:30,Connect_Four
bharadhwaj,bhanu,2026-04-06 22:58:19,Connect_Four
bharadhwaj,bhanu,2026-04-06 22:59:26,Connect_Four
bharadhwaj,bhanu,2026-04-06 23:02:15,Connect_Four
bharadhwaj,bhanu,2026-04-06 19:28:16,Connect_Four
bharadhwaj,bhanu,2026-04-06 19:32:18,Connect_Four
bharadhwaj,bhanu,2026-04-06 19:32:47,Connect_Four
bhanu,bharadhwaj,2026-04-06 19:33:05,Connect_Four
bharadhwaj,bhanu,2026-04-08 09:54:14,Connect_Four
bharadhwaj,bhanu,2026-04-08 09:54:35,TicTacToe
bharadhwaj,bhanu,2026-04-08 10:32:34,Connect_Four
bharaadhwaj,bhanu,2026-04-08 15:05:04,TicTacToe
bharadhwaj,bhanu,2026-04-08 16:34:06,Connect_Four
bharadhwaj,bhanu,2026-04-08 16:34:54,TicTacToe
bhanu,bharadhwaj,2026-04-08 16:42:14,TicTacToe
bharadhwaj,bhanu,2026-04-08 16:43:32,TicTacToe
bhanu,bharadhwaj,2026-04-08 16:46:12,Connect_Four
bharadhwaj,bhanu,2026-04-10 13:56:34,Connect_Four
bharadhwaj,bhanu,2026-04-14 19:08:42,TicTacToe
bharadhwaj,bhanu,2026-04-14 19:09:43,Connect_Four
bharadhwaj,bhanu,2026-04-15 12:43:36,Connect_Four
bharadhwaj,bhanu,2026-04-15 14:07:58,Othello
bharadhwaj,bhanu,2026-04-15 14:08:44,Connect_Four
bhanu,bharadhwaj,2026-04-15 14:09:20,TicTacToe
bhanu,bharadhwaj,2026-04-15 14:21:58,Connect_Four
bharadhwaj,bhanu,2026-04-15 14:23:00,TicTacToe
bharadhwaj,bhanu,2026-04-15 14:25:39,Connect_Four
bharadhwaj,bhanu,2026-04-15 14:29:14,Connect_Four
bharadhwaj,bhanu,2026-04-15 14:34:26,Connect_Four
bhanu,bharadhwaj,2026-04-15 14:35:51,Connect_Four
bharadhwaj,bhanu,2026-04-15 15:04:41,Connect_Four
bharadhwaj,bhanu,2026-04-15 15:06:20,TicTacToe
bharadhwaj,bhanu,2026-04-15 15:13:13,TicTacToe
bharadhwaj,bhanu,2026-04-15 17:34:16,TicTacToe
bharadhwaj,bhanu,2026-04-15 17:34:55,TicTacToe
bhanu,bharadhwaj,2026-04-15 17:37:02,TicTacToe
bharadhwaj,bhanu,2026-04-15 17:42:45,TicTacToe
bhanu,bharadhwaj,2026-04-15 17:46:36,TicTacToe
bharadhwaj,bhanu,2026-04-15 17:49:09,TicTacToe
bharadhwaj,bhanu,2026-04-15 17:49:47,TicTacToe
bharadhwaj,bhanu,2026-04-15 17:52:33,TicTacToe
bhanu,bharadhwaj,2026-04-15 17:53:18,TicTacToe
bharadhwaj,bhanu,2026-04-15 17:57:13,TicTacToe
bhanu,bharadhwaj,2026-04-15 17:58:02,TicTacToe
bharadhwaj,bhanu,2026-04-15 17:58:29,Connect_Four
bharadhwaj,bhanu,2026-04-15 17:59:43,TicTacToe
bharadhwaj,bhanu,2026-04-15 18:04:26,TicTacToe
bharadhwaj,bhanu,2026-04-17 13:29:09,TicTacToe
bhanu,bharadhwaj,2026-04-17 13:29:41,Connect_Four
bharadhwaj,bhanu,2026-04-18 22:58:06,TicTacToe
bharadhwaj,bhanu,2026-04-18 22:58:42,Connect_Four
bharadhwaj,bhanu,2026-04-18 22:59:41,Connect_Four
bharadhwaj,bhanu,2026-04-18 23:02:33,Connect_Four
bharadhwaj,bhanu,2026-04-18 23:09:58,Connect_Four
bharadhwaj,bhanu,2026-04-18 23:12:14,Connect_Four
bharadhwaj,bhanu,2026-04-18 23:36:44,TicTacToe
bharadhwaj,bhanu,2026-04-18 18:14:45,TicTacToe
bharadhwaj,bhanu,2026-04-18 18:15:03,Connect_Four
bharadhwaj,bhanu,2026-04-18 23:47:19,TicTacToe
bharadhwaj,bhanu,2026-04-18 23:48:14,Connect_Four
bhanu,bharadhwaj,2026-04-18 23:48:43,Connect_Four
bhanu,bharadhwaj,2026-04-21 20:20:26,Connect_Four
bharadhwaj,bhanu,2026-04-21 20:21:32,TicTacToe
bharadhwaj,bhanu,2026-04-21 20:22:06,Connect_Four
bharadhwaj,bhanu,2026-04-21 20:27:14,TicTacToe
bharadhwaj,bhanu,2026-04-21 20:28:10,TicTacToe
bhanu,bharadhwaj,2026-04-21 20:28:46,TicTacToe
bhanu,bharadhwaj,2026-04-21 20:29:26,TicTacToe
bhanu,bharadhwaj,2026-04-21 20:30:29,Connect_Four
bharadhwaj,bhanu,2026-04-21 20:31:18,Connect_Four
bharadhwaj,bhanu,2026-04-21 20:31:39,Connect_Four
bhanu,bharadhwaj,2026-04-21 20:32:16,Connect_Four
bhanu,bharadhwaj,2026-04-21 20:32:56,TicTacToe
bharadhwaj,bhanu,2026-04-21 20:33:24,TicTacToe
bharadhwaj,bhanu\,2026-04-21 20:36:35,TicTacToe
bhanu\,bharadhwaj,2026-04-21 20:37:00,Connect_Four
bharadhwaj,bhanu\,2026-04-21 20:42:27,Connect_Four
bhanu,bharadhwaj,2026-04-21 20:56:07,Othello
bharadhwaj,bhanu,2026-04-21 21:03:24,TicTacToe
